institution_name,PARTIC_MEN,PARTIC_WOMEN,REV_MEN,REV_WOMEN,Sports,Basketball Women,Track and Field Women,Volleyball Women,Soccer Women,Softball Women,Sports
Appalachian State University,18.0,23.0,1473653.0,1195867.0,Basketball,760.0,2670.0,780.0,1135.0,954.0,
Appalachian State University,54.0,134.0,518857.0,769212.0,All Track Combined,,,,,,
Appalachian State University,,24.0,,583458.0,Field Hockey,,,,,,
Appalachian State University,134.0,,8506239.0,,Football,,,,,,
Appalachian State University,11.0,9.0,278858.0,236861.0,Golf,,,,,,
Appalachian State University,,40.0,,600825.0,Soccer,,,,,,
Appalachian State University,,28.0,,790295.0,Softball,,,,,,
Appalachian State University,,12.0,,336508.0,Tennis,,,,,,
Appalachian State University,,20.0,,631743.0,Volleyball,,,,,,
Appalachian State University,33.0,,467950.0,,Wrestling,,,,,,
Barton College,83.0,,488835.0,,Baseball,,,,,,
Barton College,24.0,21.0,332749.0,452179.0,Basketball,,,,,,
Barton College,60.0,44.0,260766.0,187268.0,All Track Combined,,,,,,
Barton College,135.0,,1185973.0,,Football,,,,,,
Barton College,16.0,7.0,117991.0,89505.0,Golf,,,,,,
Barton College,39.0,21.0,430470.0,267416.0,Lacrosse,,,,,,
Barton College,42.0,40.0,282869.0,358170.0,Soccer,,,,,,
Barton College,,26.0,,231772.0,Softball,,,,,,
Barton College,21.0,21.0,220822.0,237985.0,Swimming,,,,,,
Barton College,12.0,8.0,150619.0,181493.0,Tennis,,,,,,
Barton College,15.0,15.0,176803.0,193861.0,Volleyball,,,,,,
Belmont Abbey College,83.0,,740323.0,,Baseball,,,,,,
Belmont Abbey College,14.0,14.0,477448.0,477970.0,Basketball,,,,,,
Belmont Abbey College,,21.0,,161699.0,Field Hockey,,,,,,
Belmont Abbey College,20.0,15.0,191795.0,195310.0,Golf,,,,,,
Belmont Abbey College,75.0,29.0,556164.0,257120.0,Lacrosse,,,,,,
Belmont Abbey College,51.0,47.0,375552.0,270580.0,Soccer,,,,,,
Belmont Abbey College,,42.0,,360070.0,Softball,,,,,,
Belmont Abbey College,32.0,14.0,254267.0,183402.0,Tennis,,,,,,
Belmont Abbey College,27.0,24.0,30813.0,31284.0,"Track and Field, Indoor",,,,,,
Belmont Abbey College,26.0,26.0,166121.0,113677.0,"Track and Field, Outdoor",,,,,,
Belmont Abbey College,15.0,14.0,35346.0,25869.0,"Track and Field, X-Country",,,,,,
Belmont Abbey College,15.0,23.0,221867.0,203610.0,Volleyball,,,,,,
Belmont Abbey College,47.0,,350118.0,,Wrestling,,,,,,
Belmont Abbey College,23.0,62.0,149175.0,394690.0,Other Sports,,,,,,
Belmont Abbey College,8.0,6.0,70684.0,59843.0,Bowling,,,,,,
Brevard College,40.0,,149806.0,,Baseball,,,,,,
Brevard College,19.0,15.0,121461.0,113106.0,Basketball,,,,,,
Brevard College,33.0,9.0,39237.0,37174.0,All Track Combined,,,,,,
Brevard College,95.0,,460945.0,,Football,,,,,,
Brevard College,14.0,14.0,96912.0,96927.0,Lacrosse,,,,,,
Brevard College,52.0,26.0,134427.0,94696.0,Soccer,,,,,,
Brevard College,,15.0,,72897.0,Softball,,,,,,
Brevard College,8.0,9.0,31688.0,28746.0,Tennis,,,,,,
Brevard College,,16.0,,95959.0,Volleyball,,,,,,
Brevard College,,,,,Other Sports,,,,,,
Brunswick Community College,30.0,,130373.0,,Baseball,,,,,,
Brunswick Community College,15.0,15.0,49051.0,25127.0,Basketball,,,,,,
Caldwell Community College and Technical Institute,42.0,,58666.0,,Baseball,,,,,,
Caldwell Community College and Technical Institute,15.0,9.0,44589.0,31314.0,Basketball,,,,,,
Caldwell Community College and Technical Institute,,15.0,,37665.0,Softball,,,,,,
Campbell University,46.0,,1527515.0,,Baseball,,,,,,
Campbell University,19.0,14.0,1485373.0,1309139.0,Basketball,,,,,,
Campbell University,75.0,74.0,869641.0,854548.0,All Track Combined,,,,,,
Campbell University,128.0,,5392671.0,,Football,,,,,,
Campbell University,9.0,9.0,427207.0,458970.0,Golf,,,,,,
Campbell University,,36.0,,820275.0,Lacrosse,,,,,,
Campbell University,33.0,30.0,924068.0,928974.0,Soccer,,,,,,
Campbell University,,25.0,,970391.0,Softball,,,,,,
Campbell University,,32.0,,848238.0,Swimming,,,,,,
Campbell University,10.0,8.0,367299.0,317847.0,Tennis,,,,,,
Campbell University,,14.0,,680702.0,Volleyball,,,,,,
Campbell University,54.0,,1075650.0,,Wrestling,,,,,,
Cape Fear Community College,13.0,7.0,69507.0,44112.0,Basketball,,,,,,
Cape Fear Community College,18.0,19.0,34147.0,39179.0,Soccer,,,,,,
Cape Fear Community College,,11.0,,39406.0,Volleyball,,,,,,
Catawba College,56.0,,526387.0,,Baseball,,,,,,
Catawba College,43.0,20.0,556834.0,475339.0,Basketball,,,,,,
Catawba College,49.0,50.0,282673.0,317117.0,All Track Combined,,,,,,
Catawba College,106.0,,1503393.0,,Football,,,,,,
Catawba College,8.0,8.0,159800.0,169436.0,Golf,,,,,,
Catawba College,40.0,24.0,421510.0,291410.0,Lacrosse,,,,,,
Catawba College,26.0,58.0,305852.0,489469.0,Soccer,,,,,,
Catawba College,,26.0,,300647.0,Softball,,,,,,
Catawba College,11.0,8.0,196873.0,154355.0,Swimming,,,,,,
Catawba College,6.0,7.0,129949.0,166889.0,Tennis,,,,,,
Catawba College,,18.0,,307888.0,Volleyball,,,,,,
Catawba College,,19.0,,42564.0,Beach Volleyball,,,,,,
Catawba Valley Community College,45.0,,277018.0,,Baseball,,,,,,
Catawba Valley Community College,18.0,12.0,99240.0,101286.0,Basketball,,,,,,
Catawba Valley Community College,,15.0,,115424.0,Softball,,,,,,
Catawba Valley Community College,,15.0,,156952.0,Volleyball,,,,,,
Catawba Valley Community College,,,,,Other Sports,,,,,,
Central Carolina Community College,15.0,12.0,21425.0,21569.0,Basketball,,,,,,
Central Carolina Community College,4.0,,7180.0,,Golf,,,,,,
Central Carolina Community College,,8.0,,13117.0,Volleyball,,,,,,
Chowan University,37.0,,285882.0,,Baseball,,,,,,
Chowan University,33.0,17.0,452897.0,378647.0,Basketball,,,,,,
Chowan University,10.0,5.0,98928.0,69198.0,Golf,,,,,,
Chowan University,,5.0,,71933.0,Gymnastics,,,,,,
Chowan University,31.0,18.0,362355.0,231676.0,Lacrosse,,,,,,
Chowan University,30.0,28.0,375294.0,330903.0,Soccer,,,,,,
Chowan University,,26.0,,274509.0,Softball,,,,,,
Chowan University,15.0,19.0,157670.0,184871.0,Swimming,,,,,,
Chowan University,10.0,5.0,122783.0,159833.0,Tennis,,,,,,
Chowan University,9.0,5.0,22249.0,36592.0,"Track and Field, X-Country",,,,,,
Chowan University,,15.0,,185448.0,Volleyball,,,,,,
Chowan University,8.0,,58150.0,,Other Sports,,,,,,
Cleveland Community College,45.0,,120008.0,,Baseball,,,,,,
Cleveland Community College,,15.0,,59972.0,Softball,,,,,,
Cleveland Community College,6.0,2.0,7191.0,4663.0,"Track and Field, X-Country",,,,,,
Davidson County Community College,15.0,,91514.0,,Basketball,,,,,,
Davidson County Community College,7.0,,19732.0,,Golf,,,,,,
Davidson County Community College,,10.0,,31464.0,Volleyball,,,,,,
Davidson College,38.0,,1210590.0,,Baseball,,,,,,
Davidson College,14.0,15.0,2655050.0,2039659.0,Basketball,,,,,,
Davidson College,81.0,114.0,414146.0,472510.0,All Track Combined,,,,,,
Davidson College,,26.0,,480333.0,Field Hockey,,,,,,
Davidson College,93.0,,1598924.0,,Football,,,,,,
Davidson College,9.0,,576615.0,,Golf,,,,,,
Davidson College,,34.0,,642267.0,Lacrosse,,,,,,
Davidson College,31.0,33.0,567132.0,596263.0,Soccer,,,,,,
Davidson College,27.0,27.0,442619.0,357442.0,Swimming and Diving,,,,,,
Davidson College,12.0,10.0,434727.0,343658.0,Tennis,,,,,,
Davidson College,,16.0,,449917.0,Volleyball,,,,,,
Davidson College,20.0,,490943.0,,Wrestling,,,,,,
Duke University,43.0,,1987001.0,,Baseball,,,,,,
Duke University,15.0,14.0,22513062.0,3395867.0,Basketball,,,,,,
Duke University,110.0,108.0,1212366.0,2560289.0,All Track Combined,,,,,,
Duke University,19.0,23.0,92438.0,674748.0,Fencing,,,,,,
Duke University,,21.0,,1542375.0,Field Hockey,,,,,,
Duke University,116.0,,37347689.0,,Football,,,,,,
Duke University,11.0,6.0,773243.0,988244.0,Golf,,,,,,
Duke University,52.0,35.0,2318009.0,1841093.0,Lacrosse,,,,,,
Duke University,,49.0,,2772807.0,Rowing,,,,,,
Duke University,28.0,23.0,1438462.0,2233304.0,Soccer,,,,,,
Duke University,,22.0,,1676159.0,Softball,,,,,,
Duke University,23.0,28.0,160958.0,1917725.0,Swimming and Diving,,,,,,
Duke University,11.0,8.0,670125.0,1242580.0,Tennis,,,,,,
Duke University,,16.0,,1573141.0,Volleyball,,,,,,
Duke University,23.0,,99872.0,,Wrestling,,,,,,
East Carolina University,40.0,,2229967.0,,Baseball,,,,,,
East Carolina University,18.0,17.0,2942024.0,1985393.0,Basketball,,,,,,
East Carolina University,59.0,124.0,569405.0,924950.0,All Track Combined,,,,,,
East Carolina University,120.0,,9671118.0,,Football,,,,,,
East Carolina University,11.0,7.0,362221.0,435840.0,Golf,,,,,,
East Carolina University,,40.0,,758035.0,Lacrosse,,,,,,
East Carolina University,,34.0,,814649.0,Soccer,,,,,,
East Carolina University,,25.0,,955263.0,Softball,,,,,,
East Carolina University,,16.0,,693916.0,Volleyball,,,,,,
Elizabeth City State University,,15.0,,37655.0,Softball,,,,,,
Elon University,41.0,,1270845.0,,Baseball,,,,,,
Elon University,17.0,14.0,2080050.0,1670170.0,Basketball,,,,,,
Elon University,,115.0,,1267968.0,All Track Combined,,,,,,
Elon University,101.0,,5386658.0,,Football,,,,,,
Elon University,11.0,12.0,397401.0,362604.0,Golf,,,,,,
Elon University,,32.0,,958622.0,Lacrosse,,,,,,
Elon University,30.0,31.0,799029.0,978054.0,Soccer,,,,,,
Elon University,,22.0,,924529.0,Softball,,,,,,
Elon University,11.0,9.0,406044.0,560114.0,Tennis,,,,,,
Elon University,13.0,,161324.0,,"Track and Field, X-Country",,,,,,
Elon University,,17.0,,830592.0,Volleyball,,,,,,
Fayetteville Technical Community College,35.0,,137069.0,,Baseball,,,,,,
Fayetteville Technical Community College,15.0,10.0,50918.0,36318.0,Basketball,,,,,,
Fayetteville Technical Community College,,17.0,,71688.0,Softball,,,,,,
Fayetteville Technical Community College,,8.0,,42949.0,Volleyball,,,,,,
Fayetteville State University,6.0,,45536.0,,Golf,,,,,,
Fayetteville State University,,16.0,,62217.0,Softball,,,,,,
Gardner-Webb University,50.0,,819191.0,,Baseball,,,,,,
Gardner-Webb University,15.0,14.0,1375932.0,1125134.0,Basketball,,,,,,
Gardner-Webb University,26.0,31.0,388474.0,496695.0,All Track Combined,,,,,,
Gardner-Webb University,101.0,,3668276.0,,Football,,,,,,
Gardner-Webb University,13.0,7.0,230808.0,237565.0,Golf,,,,,,
Gardner-Webb University,,30.0,,487151.0,Lacrosse,,,,,,
Gardner-Webb University,63.0,35.0,562091.0,654999.0,Soccer,,,,,,
Gardner-Webb University,,28.0,,733755.0,Softball,,,,,,
Gardner-Webb University,25.0,20.0,431492.0,493830.0,Swimming,,,,,,
Gardner-Webb University,10.0,9.0,267346.0,407712.0,Tennis,,,,,,
Gardner-Webb University,,16.0,,519059.0,Volleyball,,,,,,
Gardner-Webb University,27.0,,595515.0,,Wrestling,,,,,,
Greensboro College,46.0,,99244.0,,Baseball,,,,,,
Greensboro College,17.0,19.0,81277.0,106780.0,Basketball,,,,,,
Greensboro College,79.0,,263561.0,,Football,,,,,,
Greensboro College,10.0,5.0,65008.0,8947.0,Golf,,,,,,
Greensboro College,34.0,,80844.0,,Lacrosse,,,,,,
Greensboro College,29.0,24.0,68782.0,66036.0,Soccer,,,,,,
Greensboro College,,30.0,,52673.0,Softball,,,,,,
Greensboro College,5.0,3.0,25307.0,25307.0,Swimming,,,,,,
Greensboro College,,18.0,,70954.0,Volleyball,,,,,,
Greensboro College,16.0,1.0,85834.0,508.0,Wrestling,,,,,,
Guilford College,39.0,,98262.0,,Baseball,,,,,,
Guilford College,18.0,14.0,109569.0,133609.0,Basketball,,,,,,
Guilford College,49.0,25.0,56421.0,38204.0,All Track Combined,,,,,,
Guilford College,103.0,,184638.0,,Football,,,,,,
Guilford College,8.0,,83140.0,,Golf,,,,,,
Guilford College,39.0,14.0,54411.0,31270.0,Lacrosse,,,,,,
Guilford College,31.0,19.0,76289.0,60148.0,Soccer,,,,,,
Guilford College,,24.0,,80169.0,Softball,,,,,,
Guilford College,,10.0,,37999.0,Swimming,,,,,,
Guilford College,8.0,7.0,16383.0,55154.0,Tennis,,,,,,
Guilford College,,13.0,,83442.0,Volleyball,,,,,,
Guilford Technical Community College,36.0,,93711.0,,Baseball,,,,,,
Guilford Technical Community College,9.0,,46795.0,,Basketball,,,,,,
Guilford Technical Community College,,7.0,,38584.0,Volleyball,,,,,,
High Point University,46.0,,1166720.0,,Baseball,,,,,,
High Point University,19.0,14.0,2922884.0,1521477.0,Basketball,,,,,,
High Point University,138.0,117.0,1127467.0,1211065.0,All Track Combined,,,,,,
High Point University,11.0,8.0,405826.0,453294.0,Golf,,,,,,
High Point University,66.0,40.0,1404443.0,1014069.0,Lacrosse,,,,,,
High Point University,30.0,35.0,876969.0,943106.0,Soccer,,,,,,
High Point University,,24.0,,853351.0,Volleyball,,,,,,
Lees-McRae College,20.0,18.0,430879.0,381632.0,Basketball,,,,,,
Lees-McRae College,36.0,34.0,372292.0,360545.0,All Track Combined,,,,,,
Lees-McRae College,30.0,15.0,317221.0,267963.0,Lacrosse,,,,,,
Lees-McRae College,29.0,30.0,328809.0,258937.0,Soccer,,,,,,
Lees-McRae College,,21.0,,212907.0,Softball,,,,,,
Lees-McRae College,10.0,7.0,127332.0,151294.0,Swimming,,,,,,
Lees-McRae College,6.0,6.0,152782.0,115878.0,Tennis,,,,,,
Lees-McRae College,12.0,17.0,139613.0,172768.0,Volleyball,,,,,,
Lees-McRae College,,,,,Other Sports,,,,,,
Lenoir Community College,40.0,,75225.0,,Baseball,,,,,,
Lenoir Community College,12.0,,53385.0,,Basketball,,,,,,
Lenoir Community College,,12.0,,53398.0,Volleyball,,,,,,
Lenoir-Rhyne University,54.0,,637123.0,,Baseball,,,,,,
Lenoir-Rhyne University,19.0,21.0,701725.0,683021.0,Basketball,,,,,,
Lenoir-Rhyne University,105.0,98.0,509670.0,523775.0,All Track Combined,,,,,,
Lenoir-Rhyne University,117.0,,2385359.0,,Football,,,,,,
Lenoir-Rhyne University,11.0,6.0,188071.0,203739.0,Golf,,,,,,
Lenoir-Rhyne University,52.0,22.0,688878.0,363183.0,Lacrosse,,,,,,
Lenoir-Rhyne University,28.0,33.0,496223.0,565582.0,Soccer,,,,,,
Lenoir-Rhyne University,,20.0,,474430.0,Softball,,,,,,
Lenoir-Rhyne University,18.0,17.0,146539.0,156742.0,Swimming,,,,,,
Lenoir-Rhyne University,10.0,10.0,160472.0,252447.0,Tennis,,,,,,
Lenoir-Rhyne University,,18.0,,357593.0,Volleyball,,,,,,
Lenoir-Rhyne University,,10.0,,128709.0,Other Sports,,,,,,
Lenoir-Rhyne University,12.0,6.0,42396.0,21198.0,Weight Lifting,,,,,,
Livingstone College,8.0,,109000.0,,Golf,,,,,,
Livingstone College,22.0,24.0,106978.0,101022.0,"Track and Field, Outdoor",,,,,,
Louisburg College,28.0,,224402.0,,Baseball,,,,,,
Louisburg College,30.0,13.0,127510.0,116334.0,Basketball,,,,,,
Louisburg College,37.0,6.0,82422.0,42422.0,All Track Combined,,,,,,
Louisburg College,75.0,,167692.0,,Football,,,,,,
Louisburg College,28.0,12.0,134067.0,91749.0,Soccer,,,,,,
Louisburg College,,22.0,,197312.0,Softball,,,,,,
Louisburg College,,11.0,,88941.0,Volleyball,,,,,,
Mars Hill University,45.0,,532492.0,,Baseball,,,,,,
Mars Hill University,21.0,17.0,448561.0,242056.0,Basketball,,,,,,
Mars Hill University,50.0,28.0,191522.0,95767.0,All Track Combined,,,,,,
Mars Hill University,104.0,,1374541.0,,Football,,,,,,
Mars Hill University,7.0,5.0,70360.0,73661.0,Golf,,,,,,
Mars Hill University,35.0,16.0,306356.0,181252.0,Lacrosse,,,,,,
Mars Hill University,43.0,19.0,299559.0,166529.0,Soccer,,,,,,
Mars Hill University,,23.0,,191537.0,Softball,,,,,,
Mars Hill University,8.0,11.0,94539.0,93280.0,Swimming,,,,,,
Mars Hill University,8.0,9.0,80578.0,83931.0,Tennis,,,,,,
Mars Hill University,,13.0,,402457.0,Volleyball,,,,,,
Methodist University,46.0,,235637.0,,Baseball,,,,,,
Methodist University,23.0,20.0,117637.0,94350.0,Basketball,,,,,,
Methodist University,151.0,,536392.0,,Football,,,,,,
Methodist University,20.0,13.0,85003.0,81873.0,Golf,,,,,,
Methodist University,28.0,20.0,145982.0,105262.0,Lacrosse,,,,,,
Methodist University,31.0,25.0,107232.0,89848.0,Soccer,,,,,,
Methodist University,,18.0,,104186.0,Softball,,,,,,
Methodist University,24.0,20.0,92224.0,96876.0,Tennis,,,,,,
Methodist University,21.0,9.0,39030.0,30374.0,"Track and Field, Indoor",,,,,,
Methodist University,27.0,12.0,41664.0,32688.0,"Track and Field, Outdoor",,,,,,
Methodist University,12.0,11.0,26397.0,25745.0,"Track and Field, X-Country",,,,,,
Methodist University,,14.0,,75436.0,Volleyball,,,,,,
Montreat College,70.0,,1158198.0,,Baseball,,,,,,
Montreat College,42.0,26.0,721701.0,395242.0,Basketball,,,,,,
Montreat College,29.0,18.0,526785.0,304083.0,All Track Combined,,,,,,
Montreat College,14.0,6.0,209809.0,101653.0,Golf,,,,,,
Montreat College,19.0,22.0,278119.0,233798.0,Lacrosse,,,,,,
Montreat College,49.0,22.0,589203.0,324692.0,Soccer,,,,,,
Montreat College,,39.0,,447695.0,Softball,,,,,,
Montreat College,19.0,8.0,252077.0,149799.0,Tennis,,,,,,
Montreat College,,34.0,,297839.0,Volleyball,,,,,,
Montreat College,31.0,,359125.0,,Wrestling,,,,,,
University of Mount Olive,46.0,,528601.0,,Baseball,,,,,,
University of Mount Olive,34.0,26.0,381230.0,424150.0,Basketball,,,,,,
University of Mount Olive,98.0,93.0,547974.0,514003.0,All Track Combined,,,,,,
University of Mount Olive,,15.0,,181962.0,Field Hockey,,,,,,
University of Mount Olive,14.0,11.0,166833.0,202670.0,Golf,,,,,,
University of Mount Olive,48.0,34.0,510670.0,419558.0,Lacrosse,,,,,,
University of Mount Olive,31.0,29.0,358149.0,415048.0,Soccer,,,,,,
University of Mount Olive,,24.0,,282839.0,Softball,,,,,,
University of Mount Olive,9.0,10.0,155424.0,196166.0,Tennis,,,,,,
University of Mount Olive,16.0,18.0,203416.0,299828.0,Volleyball,,,,,,
University of Mount Olive,43.0,,327138.0,,Wrestling,,,,,,
North Carolina A & T State University,40.0,,664751.0,,Baseball,,,,,,
North Carolina A & T State University,19.0,16.0,1266125.0,1205643.0,Basketball,,,,,,
North Carolina A & T State University,91.0,101.0,944551.0,1044818.0,All Track Combined,,,,,,
North Carolina A & T State University,117.0,,2644162.0,,Football,,,,,,
North Carolina A & T State University,9.0,6.0,169771.0,177505.0,Golf,,,,,,
North Carolina A & T State University,,26.0,,484644.0,Softball,,,,,,
North Carolina A & T State University,7.0,8.0,165103.0,214719.0,Tennis,,,,,,
North Carolina A & T State University,,18.0,,492210.0,Volleyball,,,,,,
North Carolina A & T State University,,11.0,,303230.0,Bowling,,,,,,
University of North Carolina at Asheville,35.0,,533114.0,,Baseball,,,,,,
University of North Carolina at Asheville,16.0,12.0,970762.0,849805.0,Basketball,,,,,,
University of North Carolina at Asheville,58.0,49.0,275846.0,502901.0,All Track Combined,,,,,,
University of North Carolina at Asheville,,8.0,,233504.0,Golf,,,,,,
University of North Carolina at Asheville,30.0,25.0,297771.0,326965.0,Soccer,,,,,,
University of North Carolina at Asheville,,33.0,,351831.0,Swimming and Diving,,,,,,
University of North Carolina at Asheville,10.0,9.0,229625.0,263190.0,Tennis,,,,,,
University of North Carolina at Asheville,,15.0,,365995.0,Volleyball,,,,,,
University of North Carolina at Chapel Hill,48.0,,2832554.0,,Baseball,,,,,,
University of North Carolina at Chapel Hill,17.0,16.0,13121288.0,3563126.0,Basketball,,,,,,
University of North Carolina at Chapel Hill,123.0,89.0,1515076.0,1892347.0,All Track Combined,,,,,,
University of North Carolina at Chapel Hill,26.0,20.0,214008.0,206613.0,Fencing,,,,,,
University of North Carolina at Chapel Hill,,28.0,,1657848.0,Field Hockey,,,,,,
University of North Carolina at Chapel Hill,124.0,,43654962.0,,Football,,,,,,
University of North Carolina at Chapel Hill,10.0,10.0,693549.0,693593.0,Golf,,,,,,
University of North Carolina at Chapel Hill,,19.0,,813035.0,Gymnastics,,,,,,
University of North Carolina at Chapel Hill,61.0,42.0,1608472.0,1458240.0,Lacrosse,,,,,,
University of North Carolina at Chapel Hill,,64.0,,634670.0,Rowing,,,,,,
University of North Carolina at Chapel Hill,38.0,38.0,1371515.0,1635915.0,Soccer,,,,,,
University of North Carolina at Chapel Hill,,30.0,,1468204.0,Softball,,,,,,
University of North Carolina at Chapel Hill,34.0,33.0,1034949.0,1212042.0,Swimming and Diving,,,,,,
University of North Carolina at Chapel Hill,12.0,13.0,1091938.0,1391850.0,Tennis,,,,,,
University of North Carolina at Chapel Hill,,20.0,,1295044.0,Volleyball,,,,,,
University of North Carolina at Chapel Hill,45.0,,1130705.0,,Wrestling,,,,,,
University of North Carolina at Charlotte,45.0,,1605526.0,,Baseball,,,,,,
University of North Carolina at Charlotte,15.0,16.0,2886076.0,1535885.0,Basketball,,,,,,
University of North Carolina at Charlotte,141.0,133.0,769854.0,816172.0,All Track Combined,,,,,,
University of North Carolina at Charlotte,128.0,,8936007.0,,Football,,,,,,
University of North Carolina at Charlotte,12.0,1.0,519654.0,483656.0,Golf,,,,,,
University of North Carolina at Charlotte,30.0,29.0,807987.0,765183.0,Soccer,,,,,,
University of North Carolina at Charlotte,,20.0,,910903.0,Softball,,,,,,
University of North Carolina at Charlotte,10.0,8.0,404558.0,488885.0,Tennis,,,,,,
University of North Carolina at Charlotte,,14.0,,819409.0,Volleyball,,,,,,
University of North Carolina at Greensboro,38.0,,753650.0,,Baseball,,,,,,
University of North Carolina at Greensboro,18.0,15.0,2089131.0,1209904.0,Basketball,,,,,,
University of North Carolina at Greensboro,52.0,45.0,205909.0,194376.0,All Track Combined,,,,,,
University of North Carolina at Greensboro,10.0,7.0,283405.0,216230.0,Golf,,,,,,
University of North Carolina at Greensboro,29.0,29.0,602294.0,692553.0,Soccer,,,,,,
University of North Carolina at Greensboro,,22.0,,611376.0,Softball,,,,,,
University of North Carolina at Greensboro,12.0,9.0,228217.0,316680.0,Tennis,,,,,,
University of North Carolina at Greensboro,,17.0,,572989.0,Volleyball,,,,,,
North Carolina Central University,35.0,,527262.0,,Baseball,,,,,,
North Carolina Central University,14.0,17.0,1338388.0,1216608.0,Basketball,,,,,,
North Carolina Central University,47.0,46.0,329498.0,343256.0,All Track Combined,,,,,,
North Carolina Central University,115.0,,3326382.0,,Football,,,,,,
North Carolina Central University,8.0,,143443.0,,Golf,,,,,,
North Carolina Central University,,25.0,,429968.0,Softball,,,,,,
North Carolina Central University,6.0,8.0,194617.0,342099.0,Tennis,,,,,,
North Carolina Central University,,16.0,,442717.0,Volleyball,,,,,,
North Carolina State University at Raleigh,36.0,,945885.0,,Baseball,,,,,,
North Carolina State University at Raleigh,14.0,13.0,9334862.0,879224.0,Basketball,,,,,,
North Carolina State University at Raleigh,84.0,128.0,901960.0,1423328.0,All Track Combined,,,,,,
North Carolina State University at Raleigh,125.0,,33372812.0,,Football,,,,,,
North Carolina State University at Raleigh,12.0,9.0,292217.0,364071.0,Golf,,,,,,
North Carolina State University at Raleigh,,19.0,,601077.0,Gymnastics,,,,,,
North Carolina State University at Raleigh,,,,,Rifle,,,,,,
North Carolina State University at Raleigh,28.0,22.0,819428.0,853420.0,Soccer,,,,,,
North Carolina State University at Raleigh,,24.0,,769059.0,Softball,,,,,,
North Carolina State University at Raleigh,36.0,37.0,680598.0,854384.0,Swimming and Diving,,,,,,
North Carolina State University at Raleigh,11.0,9.0,368882.0,513031.0,Tennis,,,,,,
North Carolina State University at Raleigh,,18.0,,734931.0,Volleyball,,,,,,
North Carolina State University at Raleigh,36.0,,726655.0,,Wrestling,,,,,,
North Carolina Wesleyan College,61.0,,179835.0,,Baseball,,,,,,
North Carolina Wesleyan College,16.0,15.0,189252.0,119429.0,Basketball,,,,,,
North Carolina Wesleyan College,,17.0,,47505.0,All Track Combined,,,,,,
North Carolina Wesleyan College,161.0,,654310.0,,Football,,,,,,
North Carolina Wesleyan College,6.0,,36561.0,,Golf,,,,,,
North Carolina Wesleyan College,,19.0,,93448.0,Lacrosse,,,,,,
North Carolina Wesleyan College,67.0,23.0,90856.0,99449.0,Soccer,,,,,,
North Carolina Wesleyan College,,22.0,,107077.0,Softball,,,,,,
North Carolina Wesleyan College,23.0,8.0,104200.0,36243.0,Tennis,,,,,,
North Carolina Wesleyan College,15.0,,41916.0,,"Track and Field, X-Country",,,,,,
North Carolina Wesleyan College,,23.0,,89498.0,Volleyball,,,,,,
University of North Carolina Wilmington,42.0,,977700.0,,Baseball,,,,,,
University of North Carolina Wilmington,16.0,16.0,1652943.0,1163288.0,Basketball,,,,,,
University of North Carolina Wilmington,36.0,82.0,188746.0,211697.0,All Track Combined,,,,,,
University of North Carolina Wilmington,9.0,8.0,265379.0,291368.0,Golf,,,,,,
University of North Carolina Wilmington,29.0,27.0,538135.0,503229.0,Soccer,,,,,,
University of North Carolina Wilmington,,28.0,,425599.0,Softball,,,,,,
University of North Carolina Wilmington,20.0,25.0,201918.0,212875.0,Swimming and Diving,,,,,,
University of North Carolina Wilmington,12.0,13.0,274864.0,346465.0,Tennis,,,,,,
University of North Carolina Wilmington,,19.0,,430372.0,Volleyball,,,,,,
University of North Carolina Wilmington,,17.0,,134272.0,Beach Volleyball,,,,,,
William Peace University,49.0,,126349.0,,Baseball,,,,,,
William Peace University,19.0,17.0,98500.0,84468.0,Basketball,,,,,,
William Peace University,21.0,13.0,123574.0,100919.0,Lacrosse,,,,,,
William Peace University,33.0,23.0,92090.0,74206.0,Soccer,,,,,,
William Peace University,,35.0,,105137.0,Softball,,,,,,
William Peace University,9.0,9.0,40701.0,42979.0,Swimming,,,,,,
William Peace University,6.0,5.0,22501.0,22756.0,Tennis,,,,,,
William Peace University,21.0,14.0,40580.0,40580.0,"Track and Field, Outdoor",,,,,,
William Peace University,10.0,8.0,24160.0,24160.0,"Track and Field, X-Country",,,,,,
William Peace University,,19.0,,87291.0,Volleyball,,,,,,
University of North Carolina at Pembroke,40.0,,294200.0,,Baseball,,,,,,
University of North Carolina at Pembroke,19.0,15.0,342395.0,260088.0,Basketball,,,,,,
University of North Carolina at Pembroke,92.0,97.0,140844.0,190821.0,All Track Combined,,,,,,
University of North Carolina at Pembroke,113.0,,773681.0,,Football,,,,,,
University of North Carolina at Pembroke,,7.0,,108196.0,Golf,,,,,,
University of North Carolina at Pembroke,,22.0,,254190.0,Soccer,,,,,,
University of North Carolina at Pembroke,,23.0,,202403.0,Softball,,,,,,
University of North Carolina at Pembroke,,18.0,,83236.0,Swimming,,,,,,
University of North Carolina at Pembroke,,16.0,,176713.0,Volleyball,,,,,,
University of North Carolina at Pembroke,44.0,,186463.0,,Wrestling,,,,,,
Pfeiffer University,50.0,,232626.0,,Baseball,,,,,,
Pfeiffer University,35.0,13.0,115368.0,111688.0,Basketball,,,,,,
Pfeiffer University,8.0,6.0,66943.0,57200.0,Golf,,,,,,
Pfeiffer University,35.0,17.0,128982.0,100059.0,Lacrosse,,,,,,
Pfeiffer University,31.0,21.0,127606.0,121731.0,Soccer,,,,,,
Pfeiffer University,,20.0,,145494.0,Softball,,,,,,
Pfeiffer University,,8.0,,114684.0,Swimming,,,,,,
Pfeiffer University,6.0,8.0,42631.0,36768.0,Tennis,,,,,,
Pfeiffer University,12.0,11.0,22981.0,20980.0,"Track and Field, Indoor",,,,,,
Pfeiffer University,12.0,13.0,22981.0,20980.0,"Track and Field, Outdoor",,,,,,
Pfeiffer University,6.0,4.0,32174.0,31408.0,"Track and Field, X-Country",,,,,,
Pfeiffer University,,14.0,,103196.0,Volleyball,,,,,,
Pitt Community College,31.0,,91235.0,,Baseball,,,,,,
Pitt Community College,,16.0,,63109.0,Softball,,,,,,
Queens University of Charlotte,54.0,,633841.0,,Baseball,,,,,,
Queens University of Charlotte,17.0,22.0,930706.0,695323.0,Basketball,,,,,,
Queens University of Charlotte,92.0,97.0,544528.0,649387.0,All Track Combined,,,,,,
Queens University of Charlotte,,21.0,,332748.0,Field Hockey,,,,,,
Queens University of Charlotte,13.0,10.0,285556.0,272434.0,Golf,,,,,,
Queens University of Charlotte,58.0,32.0,715509.0,561210.0,Lacrosse,,,,,,
Queens University of Charlotte,33.0,29.0,516015.0,593962.0,Soccer,,,,,,
Queens University of Charlotte,,23.0,,447211.0,Softball,,,,,,
Queens University of Charlotte,66.0,50.0,615117.0,532168.0,Swimming and Diving,,,,,,
Queens University of Charlotte,17.0,13.0,266445.0,319540.0,Tennis,,,,,,
Queens University of Charlotte,19.0,19.0,313441.0,409619.0,Volleyball,,,,,,
Queens University of Charlotte,20.0,,275607.0,,Wrestling,,,,,,
Queens University of Charlotte,,66.0,,811110.0,Other Sports,,,,,,
Mid-Atlantic Christian University,27.0,,78310.0,,Baseball,,,,,,
Mid-Atlantic Christian University,12.0,13.0,41033.0,48683.0,Basketball,,,,,,
Mid-Atlantic Christian University,1.0,,9613.0,,Golf,,,,,,
Rockingham Community College,33.0,,65032.0,,Baseball,,,,,,
Rockingham Community College,,3.0,,4234.0,Other Sports,,,,,,
Saint Augustine's University,7.0,2.0,112584.0,100361.0,"Track and Field, Outdoor",,,,,,
Sandhills Community College,15.0,,73708.0,,Basketball,,,,,,
Sandhills Community College,10.0,,26717.0,,Golf,,,,,,
Sandhills Community College,3.0,,8077.0,,"Track and Field, X-Country",,,,,,
Sandhills Community College,,12.0,,34348.0,Volleyball,,,,,,
Sandhills Community College,,11.0,,9000.0,Beach Volleyball,,,,,,
Shaw University,37.0,29.0,270328.0,264702.0,Soccer,,,,,,
Shaw University,,10.0,,83517.0,Softball,,,,,,
Shaw University,6.0,7.0,133428.0,164616.0,Tennis,,,,,,
Shaw University,,21.0,,130596.0,"Track and Field, Outdoor",,,,,,
St. Andrews University,47.0,,708769.0,,Baseball,,,,,,
St. Andrews University,33.0,15.0,514491.0,211684.0,Basketball,,,,,,
St. Andrews University,123.0,,2140917.0,,Football,,,,,,
St. Andrews University,8.0,4.0,125299.0,102926.0,Golf,,,,,,
St. Andrews University,41.0,20.0,651928.0,252086.0,Lacrosse,,,,,,
St. Andrews University,51.0,25.0,419131.0,425415.0,Soccer,,,,,,
St. Andrews University,,19.0,,357181.0,Softball,,,,,,
St. Andrews University,6.0,2.0,94435.0,51935.0,Swimming,,,,,,
St. Andrews University,11.0,4.0,66415.0,45690.0,"Track and Field, Outdoor",,,,,,
St. Andrews University,5.0,5.0,21065.0,11690.0,"Track and Field, X-Country",,,,,,
St. Andrews University,13.0,16.0,276979.0,343087.0,Volleyball,,,,,,
St. Andrews University,16.0,4.0,293542.0,57692.0,Wrestling,,,,,,
St. Andrews University,,,,,Other Sports,,,,,,
St. Andrews University,,17.0,,319656.0,Beach Volleyball,,,,,,
St. Andrews University,,,,,Equestrian,,,,,,
Southeastern Community College,45.0,,55670.0,,Baseball,,,,,,
Southeastern Community College,,13.0,,29789.0,Softball,,,,,,
Surry Community College,32.0,,37897.0,,Baseball,,,,,,
Surry Community College,2.0,1.0,10439.0,5220.0,Golf,,,,,,
Surry Community College,,15.0,,21176.0,Softball,,,,,,
Surry Community College,,13.0,,27587.0,Volleyball,,,,,,
Wake Forest University,37.0,,2596880.0,,Baseball,,,,,,
Wake Forest University,18.0,16.0,5783444.0,3327177.0,Basketball,,,,,,
Wake Forest University,91.0,112.0,1201001.0,1875824.0,All Track Combined,,,,,,
Wake Forest University,,24.0,,1593962.0,Field Hockey,,,,,,
Wake Forest University,126.0,,23073720.0,,Football,,,,,,
Wake Forest University,10.0,10.0,851761.0,1053769.0,Golf,,,,,,
Wake Forest University,35.0,28.0,1829641.0,1611574.0,Soccer,,,,,,
Wake Forest University,21.0,10.0,1293233.0,1044750.0,Tennis,,,,,,
Wake Forest University,,20.0,,1507382.0,Volleyball,,,,,,
Wake Technical Community College,36.0,,79254.0,,Baseball,,,,,,
Warren Wilson College,13.0,13.0,47929.0,45562.0,Basketball,,,,,,
Warren Wilson College,,14.0,,52596.0,Lacrosse,,,,,,
Warren Wilson College,,17.0,,47763.0,Soccer,,,,,,
Warren Wilson College,7.0,8.0,21794.0,22138.0,Swimming,,,,,,
Warren Wilson College,7.0,9.0,14079.0,14974.0,"Track and Field, X-Country",,,,,,
Wingate University,43.0,,664706.0,,Baseball,,,,,,
Wingate University,22.0,19.0,483403.0,626668.0,Basketball,,,,,,
Wingate University,127.0,113.0,519599.0,547190.0,All Track Combined,,,,,,
Wingate University,158.0,,1816208.0,,Football,,,,,,
Wingate University,11.0,11.0,235149.0,337252.0,Golf,,,,,,
Wingate University,53.0,28.0,557295.0,446385.0,Lacrosse,,,,,,
Wingate University,26.0,27.0,416657.0,456456.0,Soccer,,,,,,
Wingate University,,20.0,,437813.0,Softball,,,,,,
Wingate University,35.0,42.0,498326.0,552583.0,Swimming,,,,,,
Wingate University,11.0,12.0,241769.0,252702.0,Tennis,,,,,,
Wingate University,,18.0,,543889.0,Volleyball,,,,,,
Carolina Christian College,28.0,17.0,495973.0,328124.0,Basketball,,,,,,
Winston-Salem State University,,14.0,,292732.0,Softball,,,,,,
Winston-Salem State University,,25.0,,97578.0,"Track and Field, Outdoor",,,,,,
Western Carolina University,38.0,,600098.0,,Baseball,,,,,,
Western Carolina University,16.0,13.0,1129790.0,905605.0,Basketball,,,,,,
Western Carolina University,81.0,96.0,222708.0,305038.0,All Track Combined,,,,,,
Western Carolina University,113.0,,3345040.0,,Football,,,,,,
Western Carolina University,8.0,10.0,266204.0,212692.0,Golf,,,,,,
Western Carolina University,,29.0,,418345.0,Soccer,,,,,,
Western Carolina University,,20.0,,373714.0,Softball,,,,,,
Western Carolina University,,9.0,,208372.0,Tennis,,,,,,
Western Carolina University,,16.0,,408956.0,Volleyball,,,,,,